SYMBOL,PREOPEN,FINAL_PRICE,FINAL_QUANTITY,LAST_UPDATE,TOTAL_BUY_QTY,TOTAL_SELL_QTY,ADV_DECL
ASIANPAINT,2788,2788,9849,06-Aug-2026 09:07:58,3238,21208,SELL
NESTLEIND,1531.9,1531.9,58798,06-Aug-2026 09:07:58,13115,36328,SELL
SHRIRAMFIN,1130,1130,90826,06-Aug-2026 09:07:57,66902,83534,SELL
ICICIBANK,1460,1460,873981,06-Aug-2026 09:07:58,19793,221335,SELL
HDFCBANK,739,739,677202,06-Aug-2026 09:07:58,634342,630605,BUY
TATACONSUM,1102,1102,9070,06-Aug-2026 09:07:58,10872,26678,SELL
ONGC,241.4,241.4,72479,06-Aug-2026 09:07:58,165117,613399,SELL
APOLLOHOSP,8947,8947,1298,06-Aug-2026 09:08:10,3138,6372,SELL
RELIANCE,1285,1285,88569,06-Aug-2026 09:07:58,225942,497728,SELL
HINDALCO,1044,1044,84815,06-Aug-2026 09:07:57,93192,128772,SELL
TECHM,1655,1655,3298,06-Aug-2026 09:08:11,5742,17421,SELL
TATASTEEL,193.45,193.45,165038,06-Aug-2026 09:07:57,353913,1157084,SELL
ADANIPORTS,1704,1704,2983,06-Aug-2026 09:08:10,9203,52452,SELL
ETERNAL,311,311,33957,06-Aug-2026 09:07:57,138931,351847,SELL
AXISBANK,1256.1,1256.1,30254,06-Aug-2026 09:07:58,52212,78035,SELL
TCS,2417,2417,33548,06-Aug-2026 09:07:58,36747,53154,SELL
CIPLA,1461,1461,1612,06-Aug-2026 09:08:10,7674,22318,SELL
JIOFIN,262.2,262.2,47845,06-Aug-2026 09:07:58,228442,803448,SELL
INFY,1174.1,1174.1,47248,06-Aug-2026 09:07:57,65311,168279,SELL
INDIGO,5400.5,5400.5,1028,06-Aug-2026 09:07:59,4015,16455,SELL
ULTRACEMCO,12190,12190,876,06-Aug-2026 09:07:58,3701,5536,SELL
EICHERMOT,7986.5,7986.5,960,06-Aug-2026 09:07:58,1469,15592,SELL
JSWSTEEL,1330,1330,10342,06-Aug-2026 09:07:59,9280,28354,SELL
ADANIENT,3050,3050,1282,06-Aug-2026 09:07:58,10338,27890,SELL
HDFCLIFE,545,545,6247,06-Aug-2026 09:07:58,27960,186805,SELL
HCLTECH,1349.9,1349.9,5991,06-Aug-2026 09:07:58,14684,66593,SELL
LT,4056,4056,5929,06-Aug-2026 09:07:58,15238,82146,SELL
GRASIM,3223.1,3223.1,1671,06-Aug-2026 09:07:58,52241,15804,BUY
MAXHEALTH,1079.5,1079.5,3871,06-Aug-2026 09:08:10,6260,27289,SELL
MARUTI,14181,14181,968,06-Aug-2026 09:08:10,4195,17030,SELL
BEL,389.65,389.65,26632,06-Aug-2026 09:07:57,170151,656611,SELL
DRREDDY,1174,1174,2136,06-Aug-2026 09:07:59,12517,34691,SELL
M&M,3449,3449,7677,06-Aug-2026 09:08:10,8460,27302,SELL
HINDUNILVR,2081,2081,6156,06-Aug-2026 09:07:58,26921,39550,SELL
TMPV,349,349,21123,06-Aug-2026 09:07:57,57984,423961,SELL
COALINDIA,414.5,414.5,9891,06-Aug-2026 09:07:58,106661,229458,SELL
SBIN,1052.5,1052.5,18490,06-Aug-2026 09:07:58,75902,232907,SELL
BAJFINANCE,1155.5,1155.5,53959,06-Aug-2026 09:07:58,17775,123797,SELL
TRENT,3120,3120,4224,06-Aug-2026 09:07:58,6122,34516,SELL
BAJAJ-AUTO,11748,11748,495,06-Aug-2026 09:08:10,2134,4979,SELL
BHARTIARTL,1969,1969,49251,06-Aug-2026 09:07:57,19766,136810,SELL
ITC,285.45,285.45,86568,06-Aug-2026 09:07:58,234974,919931,SELL
SUNPHARMA,1930,1930,6838,06-Aug-2026 09:07:58,10269,26545,SELL
SBILIFE,1870,1870,1188,06-Aug-2026 09:08:10,3987,11874,SELL
WIPRO,186,186,62454,06-Aug-2026 09:07:58,129244,671830,SELL
TITAN,4883.9,4883.9,2737,06-Aug-2026 09:08:11,3664,6284,SELL
KOTAKBANK,397.25,397.25,38201,06-Aug-2026 09:07:58,35022,194935,SELL
NTPC,347.5,347.5,35757,06-Aug-2026 09:07:58,67969,235652,SELL
POWERGRID,279.75,279.75,110376,06-Aug-2026 09:07:58,105906,270217,SELL
BAJAJFINSV,2070,2070,3431,06-Aug-2026 09:07:57,7254,18444,SELL
